,survival,pclass,sex,age,sibsp,parch,fare,embarked,class,who,adult_male,embark_town,alive,alone,family_size
0,0,3,male,0.37254901960784315,1,0,0.11811818987539752,S,Third,man,True,Southampton,no,False,1
2,1,3,female,0.4509803921568628,0,0,0.12911540065690005,S,Third,woman,False,Southampton,yes,True,0
3,1,1,female,0.6274509803921569,1,0,0.8651139148115323,S,First,woman,False,Southampton,yes,False,1
4,0,3,male,0.6274509803921569,0,0,0.13115192117199312,S,Third,man,True,Southampton,no,True,0
5,0,3,male,0.5235121107266436,0,0,0.13780401178249307,Q,Third,man,True,Queenstown,no,True,0
6,0,1,male,1.0,0,0,0.8449523617121111,S,First,man,True,Southampton,no,True,0
8,1,3,female,0.4705882352941177,0,2,0.1813855508054846,S,Third,woman,False,Southampton,yes,False,2
9,1,2,female,0.21568627450980393,1,0,0.4899184088420833,C,Second,child,False,Cherbourg,yes,False,1
10,1,3,female,0.019607843137254832,1,1,0.2720791408164329,S,Third,child,False,Southampton,yes,False,2
12,0,3,male,0.33333333333333337,0,0,0.13115192117199312,S,Third,man,True,Southampton,no,True,0
13,0,3,male,0.7058823529411765,1,5,0.5095374328762838,S,Third,man,True,Southampton,no,False,6
14,0,3,female,0.21568627450980393,0,0,0.1279619154371513,S,Third,child,False,Southampton,no,True,0
17,1,2,male,0.5235121107266436,0,0,0.2117981335696783,S,Second,man,True,Southampton,yes,True,0
18,0,3,female,0.5490196078431373,1,0,0.29325895417340075,S,Third,woman,False,Southampton,no,False,1
19,1,3,female,0.5235121107266436,0,0,0.1177108857723789,C,Third,woman,False,Cherbourg,yes,True,0
20,0,2,male,0.6274509803921569,0,0,0.42359626713935666,S,Second,man,True,Southampton,no,True,0
21,1,2,male,0.607843137254902,0,0,0.2117981335696783,S,Second,man,True,Southampton,yes,True,0
22,1,3,female,0.23529411764705882,0,0,0.1308130441582816,Q,Third,child,False,Queenstown,yes,True,0
23,1,1,male,0.4901960784313726,0,0,0.5783718262864292,S,First,man,True,Southampton,yes,True,0
24,0,3,female,0.0980392156862745,3,1,0.34335735884469004,S,Third,child,False,Southampton,no,False,4
25,1,3,female,0.6862745098039216,1,5,0.5113703013398676,S,Third,woman,False,Southampton,yes,False,6
26,0,3,male,0.5235121107266436,0,0,0.1177108857723789,C,Third,man,True,Cherbourg,no,True,0
28,1,3,female,0.5235121107266436,0,0,0.12836921954016997,Q,Third,woman,False,Queenstown,yes,True,0
29,0,3,male,0.5235121107266436,0,0,0.1286396694645743,S,Third,man,True,Southampton,no,True,0
30,0,1,male,0.7254901960784315,0,0,0.45163182315833383,C,First,man,True,Cherbourg,no,True,0
32,1,3,female,0.5235121107266436,0,0,0.12626427193576978,Q,Third,woman,False,Queenstown,yes,True,0
35,0,1,male,0.7647058823529412,1,0,0.8471925342787134,S,First,man,True,Southampton,no,False,1
36,1,3,male,0.5235121107266436,0,0,0.11777931286168603,C,Third,man,True,Cherbourg,yes,True,0
37,0,3,male,0.35294117647058826,0,0,0.13115192117199312,S,Third,man,True,Southampton,no,True,0
38,0,3,female,0.2941176470588236,2,0,0.29325895417340075,S,Third,woman,False,Southampton,no,False,2
39,1,3,female,0.21568627450980393,1,0,0.1831516213961733,C,Third,child,False,Cherbourg,yes,False,1
40,0,3,female,0.7254901960784315,1,0,0.15436825504405402,S,Third,woman,False,Southampton,no,False,1
41,0,2,female,0.4705882352941177,1,0,0.3421354465356342,S,Second,woman,False,Southampton,no,False,1
42,0,3,male,0.5235121107266436,0,0,0.1286396694645743,C,Third,man,True,Cherbourg,no,True,0
43,1,2,female,0.0,1,2,0.6774151504092593,C,Second,child,False,Cherbourg,yes,False,3
44,1,3,female,0.3137254901960784,0,0,0.12836921954016997,Q,Third,woman,False,Queenstown,yes,True,0
45,0,3,male,0.5235121107266436,0,0,0.13115192117199312,S,Third,man,True,Southampton,no,True,0
46,0,3,male,0.5235121107266436,1,0,0.25252854387153956,Q,Third,man,True,Queenstown,no,False,1
48,0,3,male,0.5235121107266436,2,0,0.35320108440644393,C,Third,man,True,Cherbourg,no,False,2
49,0,3,female,0.2941176470588236,1,0,0.29000052134925186,S,Third,woman,False,Southampton,no,False,1
50,0,3,male,0.0784313725490196,4,1,0.6465952635420469,S,Third,child,False,Southampton,no,False,5
51,0,3,male,0.35294117647058826,0,0,0.127078880141807,S,Third,man,True,Southampton,no,True,0
53,1,2,female,0.5098039215686275,1,0,0.42359626713935666,S,Second,woman,False,Southampton,yes,False,1
55,1,1,male,0.5235121107266436,0,0,0.5783718262864292,S,First,man,True,Southampton,yes,True,0
56,1,2,female,0.35294117647058826,0,0,0.1710677232678171,S,Second,woman,False,Southampton,yes,True,0
57,0,3,male,0.5,0,0,0.11777931286168603,C,Third,man,True,Cherbourg,no,True,0
58,1,2,female,0.03921568627450983,1,2,0.4521075543506595,S,Second,child,False,Southampton,yes,False,3
59,0,3,male,0.1568627450980392,5,2,0.7641024972629165,S,Third,child,False,Southampton,no,False,7
60,0,3,male,0.37254901960784315,0,0,0.11777931286168603,C,Third,man,True,Cherbourg,no,True,0
63,0,3,male,0.019607843137254832,3,2,0.4545513789687712,S,Third,child,False,Southampton,no,False,5
64,0,1,male,0.5235121107266436,0,0,0.45163182315833383,C,First,man,True,Cherbourg,no,True,0
65,1,3,male,0.5235121107266436,1,1,0.24838707575204627,C,Third,man,True,Cherbourg,yes,False,2
66,1,2,female,0.5098039215686275,0,0,0.1710677232678171,S,Second,woman,False,Southampton,yes,True,0
67,0,3,male,0.3137254901960784,0,0,0.13291636254626976,S,Third,man,True,Southampton,no,True,0
68,1,3,female,0.27450980392156865,4,2,0.12911540065690005,S,Third,woman,False,Southampton,yes,False,6
69,0,3,male,0.4509803921568628,2,0,0.14113087169594912,S,Third,man,True,Southampton,no,False,2
70,0,2,male,0.5686274509803922,0,0,0.1710677232678171,S,Second,man,True,Southampton,no,True,0
71,0,3,female,0.2549019607843137,5,2,0.7641024972629165,S,Third,woman,False,Southampton,no,False,7
73,0,3,male,0.4509803921568628,1,0,0.23549019863406495,C,Third,man,True,Cherbourg,no,False,1
74,1,3,male,0.5686274509803922,0,0,0.9204388457327566,S,Third,man,True,Southampton,yes,True,0
75,0,3,male,0.43137254901960786,0,0,0.12463505552369533,S,Third,man,True,Southampton,no,True,0
79,1,3,female,0.5294117647058824,0,0,0.20324474740628745,S,Third,woman,False,Southampton,yes,True,0
80,0,3,male,0.37254901960784315,0,0,0.14662947708670038,S,Third,man,True,Southampton,no,True,0
81,1,3,male,0.5098039215686275,0,0,0.1547755591470726,S,Third,man,True,Southampton,yes,True,0
82,1,3,female,0.5235121107266436,0,0,0.12687522809029766,Q,Third,woman,False,Queenstown,yes,True,0
83,0,1,male,0.4901960784313726,0,0,0.7673609300870654,S,First,man,True,Southampton,no,True,0
84,1,2,female,0.27450980392156865,0,0,0.1710677232678171,S,Second,woman,False,Southampton,yes,True,0
85,1,3,female,0.5882352941176471,3,0,0.2582308013138001,S,Third,woman,False,Southampton,yes,False,3
86,0,3,male,0.2549019607843137,1,3,0.5600431416505918,S,Third,man,True,Southampton,no,False,4
89,0,3,male,0.411764705882353,0,0,0.13115192117199312,S,Third,man,True,Southampton,no,True,0
90,0,3,male,0.5098039215686275,0,0,0.13115192117199312,S,Third,man,True,Southampton,no,True,0
91,0,3,male,0.33333333333333337,0,0,0.1279619154371513,S,Third,man,True,Southampton,no,True,0
92,0,1,male,0.8431372549019609,1,0,0.9966731400865441,S,First,man,True,Southampton,no,False,1
93,0,3,male,0.4509803921568628,1,2,0.33521127678431784,S,Third,man,True,Southampton,no,False,3
98,1,2,female,0.607843137254902,0,1,0.3747197747771232,S,Second,woman,False,Southampton,yes,False,1
99,0,2,male,0.607843137254902,1,0,0.42359626713935666,S,Second,man,True,Southampton,no,False,1
100,0,3,female,0.4901960784313726,0,0,0.1286396694645743,S,Third,woman,False,Southampton,no,True,0
103,0,3,male,0.5882352941176471,0,0,0.14099564673374693,S,Third,man,True,Southampton,no,True,0
104,0,3,male,0.6666666666666667,2,0,0.12911540065690005,S,Third,man,True,Southampton,no,False,2
105,0,3,male,0.4901960784313726,0,0,0.1286396694645743,S,Third,man,True,Southampton,no,True,0
106,1,3,female,0.35294117647058826,0,0,0.12463505552369533,S,Third,woman,False,Southampton,yes,True,0
107,1,3,male,0.5235121107266436,0,0,0.12667157603878837,S,Third,man,True,Southampton,yes,True,0
108,0,3,male,0.6862745098039216,0,0,0.1286396694645743,S,Third,man,True,Southampton,no,True,0
109,1,3,female,0.5235121107266436,1,0,0.39345576351597933,Q,Third,woman,False,Queenstown,yes,False,1
110,0,1,male,0.8627450980392157,0,0,0.8471925342787134,S,First,man,True,Southampton,no,True,0
111,0,3,female,0.22549019607843135,1,0,0.23549019863406495,C,Third,child,False,Cherbourg,no,False,1
112,0,3,male,0.37254901960784315,0,0,0.13115192117199312,S,Third,man,True,Southampton,no,True,0
113,0,3,female,0.33333333333333337,1,0,0.16007051248631457,S,Third,woman,False,Southampton,no,False,1
114,0,3,female,0.27450980392156865,0,0,0.23555699650696,C,Third,woman,False,Cherbourg,no,True,0
115,0,3,male,0.35294117647058826,0,0,0.12911540065690005,S,Third,man,True,Southampton,no,True,0
117,0,2,male,0.5098039215686275,1,0,0.3421354465356342,S,Second,man,True,Southampton,no,False,1
122,0,2,male,0.5784313725490197,1,0,0.4899184088420833,C,Second,man,True,Cherbourg,no,False,1
123,1,2,female,0.5784313725490197,0,0,0.2117981335696783,S,Second,woman,False,Southampton,yes,True,0
125,1,3,male,0.1764705882352941,1,0,0.1831516213961733,C,Third,child,False,Cherbourg,yes,False,1
126,0,3,male,0.5235121107266436,0,0,0.12626427193576978,Q,Third,man,True,Queenstown,no,True,0
127,1,3,male,0.411764705882353,0,0,0.1163537485011209,S,Third,man,True,Southampton,yes,True,0
128,1,3,female,0.5235121107266436,1,1,0.3642650930608415,C,Third,woman,False,Cherbourg,yes,False,2
129,0,3,male,0.823529411764706,0,0,0.1136378447421928,S,Third,man,True,Southampton,no,True,0
130,0,3,male,0.5882352941176471,0,0,0.1286396694645743,C,Third,man,True,Cherbourg,no,True,0
131,0,3,male,0.33333333333333337,0,0,0.11485975705124862,S,Third,man,True,Southampton,no,True,0
132,0,3,female,0.8627450980392157,1,0,0.23623637975079506,S,Third,woman,False,Southampton,no,False,1
134,0,2,male,0.43137254901960786,0,0,0.2117981335696783,S,Second,man,True,Southampton,no,True,0
135,0,2,male,0.3921568627450981,0,0,0.2451286429278974,C,Second,man,True,Cherbourg,no,True,0
136,1,1,female,0.3137254901960784,0,2,0.42821183723476364,S,First,woman,False,Southampton,yes,False,2
137,0,1,male,0.6666666666666667,1,0,0.8651139148115323,S,First,man,True,Southampton,no,False,1
138,0,3,male,0.2549019607843137,0,0,0.1501599890516657,S,Third,man,True,Southampton,no,True,0
140,0,3,female,0.5235121107266436,0,2,0.24838707575204627,C,Third,woman,False,Cherbourg,no,False,2
141,1,3,female,0.37254901960784315,0,0,0.12626427193576978,S,Third,woman,False,Southampton,yes,True,0
142,1,3,female,0.411764705882353,1,0,0.2582308013138001,S,Third,woman,False,Southampton,yes,False,1
143,0,3,male,0.3137254901960784,0,0,0.10997210781502526,Q,Third,man,True,Queenstown,no,True,0
144,0,2,male,0.2941176470588236,0,0,0.1873598873885616,S,Second,man,True,Southampton,no,True,0
145,0,2,male,0.3137254901960784,1,1,0.5987370314373599,S,Second,man,True,Southampton,no,False,2
146,1,3,male,0.4705882352941177,0,0,0.12701045305249986,S,Third,man,True,Southampton,yes,True,0
147,0,3,female,0.11764705882352938,2,2,0.5600431416505918,S,Third,child,False,Southampton,no,False,4
148,0,2,male,0.6568627450980393,0,2,0.42359626713935666,S,Second,man,True,Southampton,no,False,2
149,0,2,male,0.7647058823529412,0,0,0.2117981335696783,S,Second,man,True,Southampton,no,True,0
150,0,2,male,0.9411764705882354,0,0,0.2040593556123247,S,Second,man,True,Southampton,no,True,0
153,0,3,male,0.7352941176470589,0,2,0.23623637975079506,S,Third,man,True,Southampton,no,False,2
154,0,3,male,0.5235121107266436,0,0,0.11913645013294405,S,Third,man,True,Southampton,no,True,0
155,0,1,male,0.9411764705882354,0,1,1.0,C,First,man,True,Cherbourg,no,False,1
156,1,3,female,0.2549019607843137,0,0,0.12599219279495333,Q,Third,woman,False,Queenstown,yes,True,0
157,0,3,male,0.5294117647058824,0,0,0.13115192117199312,S,Third,man,True,Southampton,no,True,0
158,0,3,male,0.5235121107266436,0,0,0.14113087169594912,S,Third,man,True,Southampton,no,True,0
160,0,3,male,0.803921568627451,0,1,0.26230384234398624,S,Third,man,True,Southampton,no,False,1
161,1,2,female,0.7254901960784315,0,0,0.2566015849017257,S,Second,woman,False,Southampton,yes,True,0
162,0,3,male,0.4509803921568628,0,0,0.12667157603878837,S,Third,man,True,Southampton,no,True,0
163,0,3,male,0.27450980392156865,0,0,0.14113087169594912,S,Third,man,True,Southampton,no,True,0
165,1,3,male,0.11764705882352938,0,2,0.3343966685782806,S,Third,child,False,Southampton,yes,False,2
166,1,1,female,0.5235121107266436,0,1,0.896069026640947,S,First,woman,False,Southampton,yes,False,1
167,0,3,female,0.823529411764706,1,4,0.4545513789687712,S,Third,woman,False,Southampton,no,False,5
168,0,1,male,0.5235121107266436,0,0,0.42237435483030084,S,First,man,True,Southampton,no,True,0
169,0,3,male,0.4901960784313726,0,0,0.9204388457327566,S,Third,man,True,Southampton,no,True,0
171,0,3,male,0.019607843137254832,4,1,0.47450928001668324,Q,Third,child,False,Queenstown,no,False,5
175,0,3,male,0.2941176470588236,1,1,0.1279619154371513,S,Third,man,True,Southampton,no,False,2
176,0,3,male,0.5235121107266436,3,1,0.4149076560137636,S,Third,man,True,Southampton,no,False,4
177,0,1,female,0.9215686274509804,0,0,0.46778876231687605,C,First,woman,False,Cherbourg,no,True,0
178,0,2,male,0.5294117647058824,0,0,0.2117981335696783,S,Second,man,True,Southampton,no,True,0
179,0,3,male,0.6470588235294118,0,0,0.0,S,Third,man,True,Southampton,no,True,0
181,0,2,male,0.5235121107266436,0,0,0.24519707001720453,C,Second,man,True,Cherbourg,no,True,0
182,0,3,male,0.11764705882352938,4,2,0.5113703013398676,S,Third,child,False,Southampton,no,False,6
184,1,3,female,0.019607843137254832,0,2,0.3588349147593973,S,Third,child,False,Southampton,yes,False,2
185,0,1,male,0.5235121107266436,0,0,0.8146082060372244,S,First,man,True,Southampton,no,True,0
186,1,3,female,0.5235121107266436,1,0,0.25252854387153956,Q,Third,woman,False,Queenstown,yes,False,1
187,1,1,male,0.823529411764706,0,0,0.43255695740576616,S,First,man,True,Southampton,yes,True,0
188,0,3,male,0.7254901960784315,1,1,0.25252854387153956,Q,Third,man,True,Queenstown,no,False,2
189,0,3,male,0.6470588235294118,0,0,0.1286396694645743,S,Third,man,True,Southampton,no,True,0
190,1,2,female,0.5686274509803922,0,0,0.2117981335696783,S,Second,woman,False,Southampton,yes,True,0
191,0,2,male,0.3137254901960784,0,0,0.2117981335696783,S,Second,man,True,Southampton,no,True,0
192,1,3,female,0.3137254901960784,1,0,0.1279619154371513,S,Third,woman,False,Southampton,yes,False,1
193,1,2,male,0.0,1,1,0.42359626713935666,S,Second,child,False,Southampton,yes,False,2
194,1,1,female,0.803921568627451,0,0,0.45163182315833383,C,First,woman,False,Cherbourg,yes,True,0
197,0,3,male,0.7647058823529412,0,1,0.1369226057035608,S,Third,man,True,Southampton,no,False,1
199,0,2,female,0.411764705882353,0,0,0.2117981335696783,S,Second,woman,False,Southampton,no,True,0
200,0,3,male,0.4901960784313726,0,0,0.1547755591470726,S,Third,man,True,Southampton,no,True,0
202,0,3,male,0.607843137254902,0,0,0.10583063969553202,S,Third,man,True,Southampton,no,True,0
203,0,3,male,0.8333333333333335,0,0,0.1177108857723789,C,Third,man,True,Cherbourg,no,True,0
204,1,3,male,0.2941176470588236,0,0,0.13115192117199312,S,Third,man,True,Southampton,yes,True,0
206,0,3,male,0.5686274509803922,1,0,0.2582308013138001,S,Third,man,True,Southampton,no,False,1
207,1,3,male,0.4509803921568628,0,0,0.3060890334184871,C,Third,man,True,Cherbourg,yes,True,0
208,1,3,female,0.2549019607843137,0,0,0.12626427193576978,Q,Third,woman,False,Queenstown,yes,True,0
209,1,1,male,0.7254901960784315,0,0,0.5050570877430791,C,First,man,True,Cherbourg,yes,True,0
210,0,3,male,0.411764705882353,0,0,0.11485975705124862,S,Third,man,True,Southampton,no,True,0
211,1,2,female,0.6274509803921569,0,0,0.3421354465356342,S,Second,woman,False,Southampton,yes,True,0
212,0,3,male,0.37254901960784315,0,0,0.11811818987539752,S,Third,man,True,Southampton,no,True,0
214,0,3,male,0.5235121107266436,1,0,0.12626427193576978,Q,Third,man,True,Queenstown,no,False,1
216,1,3,female,0.4705882352941177,0,0,0.12911540065690005,S,Third,woman,False,Southampton,yes,True,0
217,0,2,male,0.7647058823529412,1,0,0.43988843126010113,S,Second,man,True,Southampton,no,False,1
219,0,2,male,0.5294117647058824,0,0,0.1710677232678171,S,Second,man,True,Southampton,no,True,0
220,1,3,male,0.2549019607843137,0,0,0.13115192117199312,S,Third,man,True,Southampton,yes,True,0
221,0,2,male,0.4705882352941177,0,0,0.2117981335696783,S,Second,man,True,Southampton,no,True,0
222,0,3,male,0.9411764705882354,0,0,0.13115192117199312,S,Third,man,True,Southampton,no,True,0
225,0,3,male,0.37254901960784315,0,0,0.15233173452896093,S,Third,man,True,Southampton,no,True,0
226,1,2,male,0.3137254901960784,0,0,0.1710677232678171,S,Second,man,True,Southampton,yes,True,0
227,0,3,male,0.3431372549019608,0,0,0.11811818987539752,S,Third,man,True,Southampton,no,True,0
228,0,2,male,0.2941176470588236,0,0,0.2117981335696783,S,Second,man,True,Southampton,no,True,0
229,0,3,female,0.5235121107266436,3,1,0.4149076560137636,S,Third,woman,False,Southampton,no,False,4
231,0,3,male,0.5098039215686275,0,0,0.12667157603878837,S,Third,man,True,Southampton,no,True,0
233,1,3,female,0.03921568627450983,4,2,0.5113703013398676,S,Third,child,False,Southampton,yes,False,6
234,0,2,male,0.411764705882353,0,0,0.1710677232678171,S,Second,man,True,Southampton,no,True,0
235,0,3,female,0.5235121107266436,0,0,0.12300583911162088,S,Third,woman,False,Southampton,no,True,0
236,0,2,male,0.803921568627451,1,0,0.42359626713935666,S,Second,man,True,Southampton,no,False,1
237,1,2,female,0.0980392156862745,0,2,0.4276693081695428,S,Second,child,False,Southampton,yes,False,2
238,0,2,male,0.3137254901960784,0,0,0.1710677232678171,S,Second,man,True,Southampton,no,True,0
239,0,2,male,0.5882352941176471,0,0,0.19998631458213856,S,Second,man,True,Southampton,no,True,0
240,0,3,female,0.5235121107266436,1,0,0.23549019863406495,C,Third,woman,False,Cherbourg,no,False,1
242,0,2,male,0.5098039215686275,0,0,0.1710677232678171,S,Second,man,True,Southampton,no,True,0
243,0,3,male,0.37254901960784315,0,0,0.11608166936030445,S,Third,man,True,Southampton,no,True,0
244,0,3,male,0.5294117647058824,0,0,0.1177108857723789,C,Third,man,True,Cherbourg,no,True,0
246,0,3,female,0.43137254901960786,0,0,0.12667157603878837,S,Third,woman,False,Southampton,no,True,0
247,1,2,female,0.411764705882353,0,2,0.23623637975079506,S,Second,woman,False,Southampton,yes,False,2
248,1,1,male,0.6666666666666667,1,1,0.8562216516344299,S,First,man,True,Southampton,yes,False,2
249,0,2,male,1.0,1,0,0.42359626713935666,S,Second,man,True,Southampton,no,False,1
250,0,3,male,0.5235121107266436,0,0,0.11811818987539752,S,Third,man,True,Southampton,no,True,0
251,0,3,female,0.5098039215686275,1,1,0.1704567671132892,S,Third,woman,False,Southampton,no,False,2
253,0,3,male,0.5294117647058824,1,0,0.26230384234398624,S,Third,man,True,Southampton,no,False,1
254,0,3,female,0.7450980392156863,0,2,0.32930536729054793,S,Third,woman,False,Southampton,no,False,2
255,1,3,female,0.5098039215686275,0,2,0.24838707575204627,C,Third,woman,False,Cherbourg,yes,False,2
259,1,2,female,0.9215686274509804,0,1,0.42359626713935666,S,Second,woman,False,Southampton,yes,False,1
261,1,3,male,0.0,4,2,0.5113703013398676,S,Third,child,False,Southampton,yes,False,6
263,0,1,male,0.7254901960784315,0,0,0.0,S,First,man,True,Southampton,no,True,0
264,0,3,female,0.5235121107266436,0,0,0.12626427193576978,Q,Third,woman,False,Queenstown,no,True,0
265,0,2,male,0.6470588235294118,0,0,0.1710677232678171,S,Second,man,True,Southampton,no,True,0
266,0,3,male,0.2549019607843137,4,1,0.6465952635420469,S,Third,man,True,Southampton,no,False,5
267,1,3,male,0.43137254901960786,1,0,0.12667157603878837,S,Third,man,True,Southampton,yes,False,1
270,0,1,male,0.5235121107266436,0,0,0.5050570877430791,S,First,man,True,Southampton,no,True,0
271,1,3,male,0.43137254901960786,0,0,0.0,S,Third,man,True,Southampton,yes,True,0
272,1,2,female,0.7450980392156863,0,1,0.3176972003545175,S,Second,woman,False,Southampton,yes,False,1
273,0,1,male,0.6666666666666667,0,1,0.4838772743861113,C,First,man,True,Cherbourg,no,False,1
276,0,3,female,0.823529411764706,0,0,0.12626427193576978,S,Third,woman,False,Southampton,no,True,0
277,0,2,male,0.5235121107266436,0,0,0.0,S,Second,man,True,Southampton,no,True,0
278,0,3,male,0.0784313725490196,4,1,0.47450928001668324,Q,Third,child,False,Queenstown,no,False,5
279,1,3,female,0.6274509803921569,1,1,0.3299163234450759,S,Third,woman,False,Southampton,yes,False,2
281,0,3,male,0.4901960784313726,0,0,0.1279619154371513,S,Third,man,True,Southampton,no,True,0
282,0,3,male,0.2549019607843137,0,0,0.1547755591470726,S,Third,man,True,Southampton,no,True,0
283,1,3,male,0.3137254901960784,0,0,0.13115192117199312,S,Third,man,True,Southampton,yes,True,0
284,0,1,male,0.5235121107266436,0,0,0.42359626713935666,S,First,man,True,Southampton,no,True,0
285,0,3,male,0.5882352941176471,0,0,0.14113087169594912,C,Third,man,True,Cherbourg,no,True,0
286,1,3,male,0.5294117647058824,0,0,0.1547755591470726,S,Third,man,True,Southampton,yes,True,0
287,0,3,male,0.37254901960784315,0,0,0.1286396694645743,S,Third,man,True,Southampton,no,True,0
288,1,2,male,0.7647058823529412,0,0,0.2117981335696783,S,Second,man,True,Southampton,yes,True,0
289,1,3,female,0.37254901960784315,0,0,0.12626427193576978,Q,Third,woman,False,Queenstown,yes,True,0
292,0,2,male,0.6470588235294118,0,0,0.20976161305458527,C,Second,man,True,Cherbourg,no,True,0
293,0,3,female,0.411764705882353,0,0,0.1441856524685887,S,Third,woman,False,Southampton,no,True,0
294,0,3,male,0.411764705882353,0,0,0.1286396694645743,S,Third,man,True,Southampton,no,True,0
296,0,3,male,0.4019607843137255,0,0,0.11777931286168603,C,Third,man,True,Cherbourg,no,True,0
298,1,1,male,0.5235121107266436,0,0,0.49691100568270685,S,First,man,True,Southampton,yes,True,0
301,1,3,male,0.5235121107266436,2,0,0.37879281580730934,Q,Third,man,True,Queenstown,yes,False,2
302,0,3,male,0.3137254901960784,0,0,0.0,S,Third,man,True,Southampton,no,True,0
303,1,2,female,0.5235121107266436,0,0,0.20120822689119439,Q,Second,woman,False,Queenstown,yes,True,0
308,0,2,male,0.5294117647058824,1,0,0.3910119388978677,C,Second,man,True,Cherbourg,no,False,1
309,1,1,female,0.5294117647058824,0,0,0.927499869662687,C,First,woman,False,Cherbourg,yes,True,0
312,0,2,female,0.4509803921568628,1,1,0.42359626713935666,S,Second,woman,False,Southampton,no,False,2
314,0,2,male,0.7843137254901962,1,1,0.4276693081695428,S,Second,man,True,Southampton,no,False,2
315,1,3,female,0.4509803921568628,0,0,0.1279619154371513,S,Third,woman,False,Southampton,yes,True,0
316,1,2,female,0.411764705882353,1,0,0.42359626713935666,S,Second,woman,False,Southampton,yes,False,1
317,0,2,male,1.0,0,0,0.22809029769042283,S,Second,man,True,Southampton,no,True,0
321,0,3,male,0.4705882352941177,0,0,0.1286396694645743,S,Third,man,True,Southampton,no,True,0
322,1,2,female,0.5294117647058824,0,0,0.20120822689119439,Q,Second,woman,False,Queenstown,yes,True,0
323,1,2,female,0.37254901960784315,1,1,0.4724727595015902,S,Second,woman,False,Southampton,yes,False,2
327,1,2,female,0.6470588235294118,0,0,0.2117981335696783,S,Second,woman,False,Southampton,yes,True,0
328,1,3,female,0.5490196078431373,1,1,0.3343966685782806,S,Third,woman,False,Southampton,yes,False,2
329,1,1,female,0.2549019607843137,0,1,0.9446066419894688,C,First,woman,False,Cherbourg,yes,False,1
330,1,3,female,0.5235121107266436,2,0,0.37879281580730934,Q,Third,woman,False,Queenstown,yes,False,2
331,0,1,male,0.8333333333333335,0,0,0.4643266774412179,S,First,man,True,Southampton,no,True,0
333,0,3,male,0.2549019607843137,2,0,0.29325895417340075,S,Third,man,True,Southampton,no,False,2
338,1,3,male,0.823529411764706,0,0,0.13115192117199312,S,Third,man,True,Southampton,yes,True,0
339,0,1,male,0.823529411764706,0,0,0.5783718262864292,S,First,man,True,Southampton,no,True,0
342,0,2,male,0.4901960784313726,0,0,0.2117981335696783,S,Second,man,True,Southampton,no,True,0
344,0,2,male,0.6470588235294118,0,0,0.2117981335696783,S,Second,man,True,Southampton,no,True,0
345,1,2,female,0.411764705882353,0,0,0.2117981335696783,S,Second,woman,False,Southampton,yes,True,0
346,1,2,female,0.7254901960784315,0,0,0.2117981335696783,S,Second,woman,False,Southampton,yes,True,0
347,1,3,female,0.5235121107266436,1,0,0.26230384234398624,S,Third,woman,False,Southampton,yes,False,1
348,1,3,male,0.0,1,1,0.25904540951983734,S,Third,child,False,Southampton,yes,False,2
349,0,3,male,0.7647058823529412,0,0,0.14113087169594912,S,Third,man,True,Southampton,no,True,0
350,0,3,male,0.3921568627450981,0,0,0.1502952140138679,S,Third,man,True,Southampton,no,True,0
351,0,1,male,0.5235121107266436,0,0,0.570225744226057,S,First,man,True,Southampton,no,True,0
352,0,3,male,0.23529411764705882,1,1,0.11777931286168603,C,Third,child,False,Cherbourg,no,False,2
353,0,3,male,0.43137254901960786,1,0,0.29000052134925186,S,Third,man,True,Southampton,no,False,1
356,1,1,female,0.37254901960784315,0,1,0.896069026640947,S,First,woman,False,Southampton,yes,False,1
357,0,2,female,0.6862745098039216,0,0,0.2117981335696783,S,Second,woman,False,Southampton,no,True,0
360,0,3,male,0.7254901960784315,1,4,0.4545513789687712,S,Third,man,True,Southampton,no,False,5
361,0,2,male,0.5098039215686275,1,0,0.45163182315833383,C,Second,man,True,Cherbourg,no,False,1
362,0,3,female,0.823529411764706,0,1,0.23549019863406495,C,Third,woman,False,Cherbourg,no,False,1
363,0,3,male,0.6274509803921569,0,0,0.11485975705124862,S,Third,man,True,Southampton,no,True,0
365,0,3,male,0.5294117647058824,0,0,0.11811818987539752,S,Third,man,True,Southampton,no,True,0
367,1,3,female,0.5235121107266436,0,0,0.11777931286168603,C,Third,woman,False,Cherbourg,yes,True,0
370,1,1,male,0.43137254901960786,1,0,0.9032652755330797,C,First,man,True,Cherbourg,yes,False,1
371,0,3,male,0.2941176470588236,1,0,0.10583063969553202,S,Third,man,True,Southampton,no,False,1
372,0,3,male,0.3137254901960784,0,0,0.13115192117199312,S,Third,man,True,Southampton,no,True,0
374,0,3,female,0.0,3,1,0.34335735884469004,S,Third,child,False,Southampton,no,False,4
376,1,3,female,0.37254901960784315,0,0,0.11811818987539752,S,Third,woman,False,Southampton,yes,True,0
378,0,3,male,0.33333333333333337,0,0,0.06537230853448722,C,Third,man,True,Cherbourg,no,True,0
379,0,3,male,0.3137254901960784,0,0,0.12667157603878837,S,Third,man,True,Southampton,no,True,0
382,0,3,male,0.5686274509803922,0,0,0.12911540065690005,S,Third,man,True,Southampton,no,True,0
383,1,1,female,0.6274509803921569,1,0,0.8471925342787134,S,First,woman,False,Southampton,yes,False,1
388,0,3,male,0.5235121107266436,0,0,0.12592539492205826,Q,Third,man,True,Queenstown,no,True,0
389,1,2,female,0.27450980392156865,0,0,0.19550596944893384,C,Second,woman,False,Cherbourg,yes,True,0
391,1,3,male,0.35294117647058826,0,0,0.12701045305249986,S,Third,man,True,Southampton,yes,True,0
392,0,3,male,0.4901960784313726,2,0,0.12911540065690005,S,Third,man,True,Southampton,no,False,2
394,1,3,female,0.411764705882353,0,2,0.2720791408164329,S,Third,woman,False,Southampton,yes,False,2
395,0,3,male,0.37254901960784315,0,0,0.12701045305249986,S,Third,man,True,Southampton,no,True,0
396,0,3,female,0.5490196078431373,0,0,0.1279619154371513,S,Third,woman,False,Southampton,no,True,0
397,0,2,male,0.8431372549019609,0,0,0.42359626713935666,S,Second,man,True,Southampton,no,True,0
398,0,2,male,0.3921568627450981,0,0,0.1710677232678171,S,Second,man,True,Southampton,no,True,0
399,1,2,female,0.4901960784313726,0,0,0.20609587612741775,S,Second,woman,False,Southampton,yes,True,0
400,1,3,male,0.7058823529411765,0,0,0.12911540065690005,S,Third,man,True,Southampton,yes,True,0
401,0,3,male,0.4509803921568628,0,0,0.13115192117199312,S,Third,man,True,Southampton,no,True,0
402,0,3,female,0.35294117647058826,1,0,0.16007051248631457,S,Third,woman,False,Southampton,no,False,1
403,0,3,male,0.4901960784313726,1,0,0.2582308013138001,S,Third,man,True,Southampton,no,False,1
404,0,3,female,0.33333333333333337,0,0,0.14113087169594912,S,Third,woman,False,Southampton,no,True,0
405,0,2,male,0.607843137254902,1,0,0.3421354465356342,S,Second,man,True,Southampton,no,False,1
406,0,3,male,0.9411764705882354,0,0,0.12626427193576978,S,Third,man,True,Southampton,no,True,0
407,1,2,male,0.0,1,1,0.30547807726395915,S,Second,child,False,Southampton,yes,False,2
408,0,3,male,0.35294117647058826,0,0,0.12667157603878837,S,Third,man,True,Southampton,no,True,0
411,0,3,male,0.5235121107266436,0,0,0.1117365491893019,Q,Third,man,True,Queenstown,no,True,0
414,1,3,male,0.803921568627451,0,0,0.12911540065690005,S,Third,man,True,Southampton,yes,True,0
415,0,3,female,0.5235121107266436,0,0,0.13115192117199312,S,Third,woman,False,Southampton,no,True,0
416,1,2,female,0.607843137254902,1,1,0.5294953339241958,S,Second,woman,False,Southampton,yes,False,2
417,1,2,female,0.2941176470588236,0,2,0.2117981335696783,S,Second,woman,False,Southampton,yes,False,2
419,0,3,female,0.13725490196078433,0,2,0.39345576351597933,S,Third,child,False,Southampton,no,False,2
421,0,3,male,0.35294117647058826,0,0,0.12599219279495333,Q,Third,man,True,Queenstown,no,True,0
422,0,3,male,0.5098039215686275,0,0,0.12830079245086282,S,Third,man,True,Southampton,no,True,0
423,0,3,female,0.4901960784313726,1,1,0.23460716333872061,S,Third,woman,False,Southampton,no,False,2
424,0,3,male,0.2941176470588236,1,1,0.32930536729054793,S,Third,man,True,Southampton,no,False,2
426,1,2,female,0.4901960784313726,1,0,0.42359626713935666,S,Second,woman,False,Southampton,yes,False,1
427,1,2,female,0.3137254901960784,0,0,0.42359626713935666,S,Second,woman,False,Southampton,yes,True,0
429,1,3,male,0.5686274509803922,0,0,0.13115192117199312,S,Third,man,True,Southampton,yes,True,0
430,1,1,male,0.4901960784313726,0,0,0.43255695740576616,S,First,man,True,Southampton,yes,True,0
432,1,2,female,0.7647058823529412,1,0,0.42359626713935666,S,Second,woman,False,Southampton,yes,False,1
433,0,3,male,0.27450980392156865,0,0,0.11608166936030445,S,Third,man,True,Southampton,no,True,0
434,0,1,male,0.9215686274509804,1,0,0.9107319743496167,S,First,man,True,Southampton,no,False,1
436,0,3,female,0.35294117647058826,2,2,0.5600431416505918,S,Third,woman,False,Southampton,no,False,4
437,1,2,female,0.411764705882353,2,3,0.30547807726395915,S,Second,woman,False,Southampton,yes,False,5
439,0,2,male,0.5490196078431373,0,0,0.1710677232678171,S,Second,man,True,Southampton,no,True,0
440,1,2,female,0.823529411764706,1,1,0.4276693081695428,S,Second,woman,False,Southampton,yes,False,2
441,0,3,male,0.33333333333333337,0,0,0.1547755591470726,S,Third,man,True,Southampton,no,True,0
442,0,3,male,0.43137254901960786,1,0,0.12667157603878837,S,Third,man,True,Southampton,no,False,1
443,1,2,female,0.4901960784313726,0,0,0.2117981335696783,S,Second,woman,False,Southampton,yes,True,0
444,1,3,male,0.5235121107266436,0,0,0.13217018142953965,S,Third,man,True,Southampton,yes,True,0
446,1,2,female,0.19607843137254904,0,1,0.3176972003545175,S,Second,child,False,Southampton,yes,False,1
447,1,1,male,0.607843137254902,0,0,0.43255695740576616,S,First,man,True,Southampton,yes,True,0
448,1,3,female,0.03921568627450983,2,1,0.31375938428653355,C,Third,child,False,Cherbourg,yes,False,3
449,1,1,male,0.9607843137254903,0,0,0.49691100568270685,S,First,man,True,Southampton,yes,True,0
450,0,2,male,0.6470588235294118,1,2,0.4521075543506595,S,Second,man,True,Southampton,no,False,3
451,0,3,male,0.5235121107266436,1,0,0.32530075334966896,S,Third,man,True,Southampton,no,False,1
452,0,1,male,0.5294117647058824,0,0,0.4521075543506595,C,First,man,True,Cherbourg,no,True,0
455,1,3,male,0.5098039215686275,0,0,0.1286396694645743,C,Third,man,True,Cherbourg,yes,True,0
457,1,1,female,0.5235121107266436,1,0,0.8449523617121111,S,First,woman,False,Southampton,yes,False,1
458,1,2,female,0.9215686274509804,0,0,0.1710677232678171,S,Second,woman,False,Southampton,yes,True,0
460,1,1,male,0.8823529411764707,0,0,0.43255695740576616,S,First,man,True,Southampton,yes,True,0
461,0,3,male,0.607843137254902,0,0,0.13115192117199312,S,Third,man,True,Southampton,no,True,0
462,0,1,male,0.8627450980392157,0,0,0.6272483186486628,S,First,man,True,Southampton,no,True,0
463,0,2,male,0.8823529411764707,0,0,0.2117981335696783,S,Second,man,True,Southampton,no,True,0
465,0,3,male,0.6862745098039216,0,0,0.11485975705124862,S,Third,man,True,Southampton,no,True,0
468,0,3,male,0.5235121107266436,0,0,0.12585696783275113,Q,Third,man,True,Queenstown,no,True,0
471,0,3,male,0.6862745098039216,0,0,0.14113087169594912,S,Third,man,True,Southampton,no,True,0
472,1,2,female,0.5882352941176471,1,2,0.4521075543506595,S,Second,woman,False,Southampton,yes,False,3
473,1,2,female,0.3921568627450981,0,0,0.22469663990407174,C,Second,woman,False,Cherbourg,yes,True,0
474,0,3,female,0.37254901960784315,0,0,0.1602741645378239,S,Third,woman,False,Southampton,no,True,0
475,0,1,male,0.5235121107266436,0,0,0.8471925342787134,S,First,man,True,Southampton,no,True,0
477,0,3,male,0.5098039215686275,1,0,0.11479132996194147,S,Third,man,True,Southampton,no,False,1
478,0,3,male,0.37254901960784315,0,0,0.12253010791929517,S,Third,man,True,Southampton,no,True,0
480,0,3,male,0.11764705882352938,5,2,0.7641024972629165,S,Third,child,False,Southampton,no,False,7
482,0,3,male,0.9215686274509804,0,0,0.13115192117199312,S,Third,man,True,Southampton,no,True,0
489,1,3,male,0.11764705882352938,1,1,0.25904540951983734,S,Third,child,False,Southampton,yes,False,2
491,0,3,male,0.35294117647058826,0,0,0.11811818987539752,S,Third,man,True,Southampton,no,True,0
495,0,3,male,0.5235121107266436,0,0,0.23555699650696,C,Third,man,True,Cherbourg,no,True,0
497,0,3,male,0.5235121107266436,0,0,0.24601167822324174,S,Third,man,True,Southampton,no,True,0
499,0,3,male,0.411764705882353,0,0,0.12701045305249986,S,Third,man,True,Southampton,no,True,0
501,0,3,female,0.35294117647058826,0,0,0.12626427193576978,Q,Third,woman,False,Queenstown,no,True,0
502,0,3,female,0.5235121107266436,0,0,0.12429617850998384,Q,Third,woman,False,Queenstown,no,True,0
503,0,3,female,0.6666666666666667,0,0,0.15620112350763776,S,Third,woman,False,Southampton,no,True,0
506,1,2,female,0.5882352941176471,0,2,0.42359626713935666,S,Second,woman,False,Southampton,yes,False,2
507,1,1,male,0.5235121107266436,0,0,0.43255695740576616,S,First,man,True,Southampton,yes,True,0
508,0,3,male,0.4901960784313726,0,0,0.36698099681976953,S,Third,man,True,Southampton,no,True,0
509,1,3,male,0.4509803921568628,0,0,0.9204388457327566,S,Third,man,True,Southampton,yes,True,0
510,1,3,male,0.5098039215686275,0,0,0.12626427193576978,Q,Third,man,True,Queenstown,yes,True,0
512,1,1,male,0.6470588235294118,0,0,0.42828026432407074,S,First,man,True,Southampton,yes,True,0
513,1,1,female,1.0,1,0,0.9677545487722226,C,First,woman,False,Cherbourg,yes,False,1
514,0,3,male,0.411764705882353,0,0,0.12212280381627649,S,Third,man,True,Southampton,no,True,0
515,0,1,male,0.8627450980392157,0,0,0.5542724571190241,S,First,man,True,Southampton,no,True,0
516,1,2,female,0.607843137254902,0,0,0.1710677232678171,S,Second,woman,False,Southampton,yes,True,0
517,0,3,male,0.5235121107266436,0,0,0.39345576351597933,Q,Third,man,True,Queenstown,no,True,0
518,1,2,female,0.6470588235294118,1,0,0.42359626713935666,S,Second,woman,False,Southampton,yes,False,1
519,0,3,male,0.5686274509803922,0,0,0.1286396694645743,S,Third,man,True,Southampton,no,True,0
523,1,1,female,0.803921568627451,0,1,0.9446066419894688,C,First,woman,False,Cherbourg,yes,False,1
524,0,3,male,0.5235121107266436,0,0,0.11777931286168603,C,Third,man,True,Cherbourg,no,True,0
525,0,3,male,0.7352941176470589,0,0,0.12626427193576978,Q,Third,man,True,Queenstown,no,True,0
528,0,3,male,0.7058823529411765,0,0,0.12911540065690005,S,Third,man,True,Southampton,no,True,0
529,0,2,male,0.3921568627450981,2,1,0.1873598873885616,S,Second,man,True,Southampton,no,False,3
532,0,3,male,0.27450980392156865,1,1,0.11777931286168603,C,Third,man,True,Cherbourg,no,False,2
533,1,3,female,0.5235121107266436,0,2,0.3642650930608415,C,Third,woman,False,Cherbourg,yes,False,2
534,0,3,female,0.5294117647058824,0,0,0.14113087169594912,S,Third,woman,False,Southampton,no,True,0
535,1,2,female,0.0784313725490196,0,2,0.4276693081695428,S,Second,child,False,Southampton,yes,False,2
536,0,1,male,0.823529411764706,0,0,0.43255695740576616,S,First,man,True,Southampton,no,True,0
538,0,3,male,0.5235121107266436,0,0,0.23623637975079506,S,Third,man,True,Southampton,no,True,0
539,1,1,female,0.37254901960784315,0,2,0.8064621239768521,C,First,woman,False,Cherbourg,yes,False,2
541,0,3,female,0.11764705882352938,4,2,0.5095374328762838,S,Third,child,False,Southampton,no,False,6
542,0,3,female,0.1568627450980392,4,2,0.5095374328762838,S,Third,child,False,Southampton,no,False,6
543,1,2,male,0.5686274509803922,1,0,0.42359626713935666,S,Second,man,True,Southampton,yes,False,1
546,1,2,female,0.3137254901960784,1,0,0.42359626713935666,S,Second,woman,False,Southampton,yes,False,1
547,1,2,male,0.5235121107266436,0,0,0.22585012512382047,C,Second,man,True,Cherbourg,yes,True,0
548,0,3,male,0.5882352941176471,1,1,0.3343966685782806,S,Third,man,True,Southampton,no,False,2
549,1,2,male,0.0980392156862745,1,1,0.5987370314373599,S,Second,child,False,Southampton,yes,False,2
551,0,2,male,0.4705882352941177,0,0,0.42359626713935666,S,Second,man,True,Southampton,no,True,0
552,0,3,male,0.5235121107266436,0,0,0.12755461133413273,Q,Third,man,True,Queenstown,no,True,0
553,1,3,male,0.37254901960784315,0,0,0.1177108857723789,C,Third,man,True,Cherbourg,yes,True,0
554,1,3,female,0.37254901960784315,0,0,0.12667157603878837,S,Third,woman,False,Southampton,yes,True,0
556,1,1,female,0.8823529411764707,1,0,0.6451696991814817,C,First,woman,False,Cherbourg,yes,False,1
559,1,3,female,0.6470588235294118,1,0,0.2834836557009541,S,Third,woman,False,Southampton,yes,False,1
561,0,3,male,0.7254901960784315,0,0,0.1286396694645743,S,Third,man,True,Southampton,no,True,0
562,0,2,male,0.4901960784313726,0,0,0.21994421563005057,S,Second,man,True,Southampton,no,True,0
565,0,3,male,0.411764705882353,2,0,0.39345576351597933,S,Third,man,True,Southampton,no,False,2
566,0,3,male,0.3137254901960784,0,0,0.1286396694645743,S,Third,man,True,Southampton,no,True,0
567,0,3,female,0.5098039215686275,0,4,0.34335735884469004,S,Third,woman,False,Southampton,no,False,4
569,1,3,male,0.5686274509803922,0,0,0.1279619154371513,S,Third,man,True,Southampton,yes,True,0
571,1,1,female,0.9803921568627452,2,0,0.8387075752046296,S,First,woman,False,Southampton,yes,False,2
572,1,1,male,0.6470588235294118,0,0,0.42990948073614516,S,First,man,True,Southampton,yes,True,0
574,0,3,male,0.2549019607843137,0,0,0.13115192117199312,S,Third,man,True,Southampton,no,True,0
575,0,3,male,0.3137254901960784,0,0,0.23623637975079506,S,Third,man,True,Southampton,no,True,0
576,1,2,female,0.607843137254902,0,0,0.2117981335696783,S,Second,woman,False,Southampton,yes,True,0
577,1,1,female,0.7058823529411765,1,0,0.9107319743496167,S,First,woman,False,Southampton,yes,False,1
578,0,3,female,0.5235121107266436,1,0,0.23555699650696,C,Third,woman,False,Cherbourg,no,False,1
579,1,3,male,0.5686274509803922,0,0,0.12911540065690005,S,Third,man,True,Southampton,yes,True,0
580,1,2,female,0.43137254901960786,1,1,0.4887649236223346,S,Second,woman,False,Southampton,yes,False,2
582,0,2,male,1.0,0,0,0.42359626713935666,S,Second,man,True,Southampton,no,True,0
583,0,1,male,0.6470588235294118,0,0,0.6537230853448726,C,First,man,True,Cherbourg,no,True,0
584,0,3,male,0.5235121107266436,0,0,0.14194547990198633,C,Third,man,True,Cherbourg,no,True,0
586,0,2,male,0.8627450980392157,0,0,0.2443824618111673,S,Second,man,True,Southampton,no,True,0
590,0,3,male,0.6274509803921569,0,0,0.11608166936030445,S,Third,man,True,Southampton,no,True,0
592,0,3,male,0.8627450980392157,0,0,0.11811818987539752,S,Third,man,True,Southampton,no,True,0
593,0,3,female,0.5235121107266436,0,2,0.12626427193576978,Q,Third,woman,False,Queenstown,no,False,2
594,0,2,male,0.6666666666666667,1,0,0.42359626713935666,S,Second,man,True,Southampton,no,False,1
595,0,3,male,0.6470588235294118,1,1,0.39345576351597933,S,Third,man,True,Southampton,no,False,2
596,1,2,female,0.5235121107266436,0,0,0.5376414159845682,S,Second,woman,False,Southampton,yes,True,0
597,0,3,male,0.9019607843137256,0,0,0.0,S,Third,man,True,Southampton,no,True,0
599,1,1,male,0.9019607843137256,1,0,0.927499869662687,C,First,man,True,Cherbourg,yes,False,1
600,1,2,female,0.411764705882353,2,1,0.43988843126010113,S,Second,woman,False,Southampton,yes,False,3
602,0,1,male,0.5235121107266436,0,0,0.6907877587195663,S,First,man,True,Southampton,no,True,0
603,0,3,male,0.803921568627451,0,0,0.13115192117199312,S,Third,man,True,Southampton,no,True,0
604,1,1,male,0.6274509803921569,0,0,0.43255695740576616,C,First,man,True,Cherbourg,yes,True,0
605,0,3,male,0.6470588235294118,1,0,0.2533431520775768,S,Third,man,True,Southampton,no,False,1
606,0,3,male,0.5294117647058824,0,0,0.1286396694645743,S,Third,man,True,Southampton,no,True,0
607,1,1,male,0.4705882352941177,0,0,0.49691100568270685,S,First,man,True,Southampton,yes,True,0
608,1,2,female,0.37254901960784315,1,2,0.6774151504092593,C,Second,woman,False,Cherbourg,yes,False,3
610,0,3,female,0.7058823529411765,1,5,0.5095374328762838,S,Third,woman,False,Southampton,no,False,6
611,0,3,male,0.5235121107266436,0,0,0.11485975705124862,S,Third,man,True,Southampton,no,True,0
616,0,3,male,0.607843137254902,1,1,0.23460716333872061,S,Third,man,True,Southampton,no,False,2
617,0,3,female,0.4509803921568628,1,0,0.26230384234398624,S,Third,woman,False,Southampton,no,False,1
618,1,2,female,0.019607843137254832,2,1,0.6353944007090351,S,Second,child,False,Southampton,yes,False,3
619,0,2,male,0.4509803921568628,0,0,0.1710677232678171,S,Second,man,True,Southampton,no,True,0
620,0,3,male,0.4705882352941177,1,0,0.23549019863406495,C,Third,man,True,Cherbourg,no,False,1
621,1,1,male,0.7647058823529412,1,0,0.8562216516344299,S,First,man,True,Southampton,yes,False,1
622,1,3,male,0.33333333333333337,1,1,0.2564663599395235,C,Third,man,True,Cherbourg,yes,False,2
623,0,3,male,0.35294117647058826,0,0,0.1279619154371513,S,Third,man,True,Southampton,no,True,0
624,0,3,male,0.35294117647058826,0,0,0.26230384234398624,S,Third,man,True,Southampton,no,True,0
628,0,3,male,0.4509803921568628,0,0,0.1286396694645743,S,Third,man,True,Southampton,no,True,0
629,0,3,male,0.5235121107266436,0,0,0.12599219279495333,Q,Third,man,True,Queenstown,no,True,0
631,0,3,male,0.9411764705882354,0,0,0.11492818414055575,S,Third,man,True,Southampton,no,True,0
632,1,1,male,0.5686274509803922,0,0,0.49691100568270685,C,First,man,True,Cherbourg,yes,True,0
633,0,1,male,0.5235121107266436,0,0,0.0,S,First,man,True,Southampton,no,True,0
634,0,3,female,0.11764705882352938,3,2,0.4545513789687712,S,Third,child,False,Southampton,no,False,5
637,0,2,male,0.5490196078431373,1,1,0.4276693081695428,S,Second,man,True,Southampton,no,False,2
638,0,3,female,0.7450980392156863,0,5,0.6465952635420469,S,Third,woman,False,Southampton,no,False,5
639,0,3,male,0.5235121107266436,1,0,0.26230384234398624,S,Third,man,True,Southampton,no,False,1
643,1,3,male,0.5235121107266436,0,0,0.9204388457327566,S,Third,man,True,Southampton,yes,True,0
648,0,3,male,0.5235121107266436,0,0,0.12300583911162088,S,Third,man,True,Southampton,no,True,0
649,1,3,female,0.3921568627450981,0,0,0.12300583911162088,S,Third,woman,False,Southampton,yes,True,0
651,1,2,female,0.2941176470588236,0,1,0.3747197747771232,S,Second,woman,False,Southampton,yes,False,1
652,0,3,male,0.35294117647058826,0,0,0.13739670767947446,S,Third,man,True,Southampton,no,True,0
653,1,3,female,0.5235121107266436,0,0,0.12755461133413273,Q,Third,woman,False,Queenstown,yes,True,0
654,0,3,female,0.2941176470588236,0,0,0.10997210781502526,Q,Third,woman,False,Queenstown,no,True,0
657,0,3,female,0.5686274509803922,1,1,0.25252854387153956,Q,Third,woman,False,Queenstown,no,False,2
658,0,2,male,0.3921568627450981,0,0,0.2117981335696783,S,Second,man,True,Southampton,no,True,0
661,0,3,male,0.7254901960784315,0,0,0.1177108857723789,C,Third,man,True,Cherbourg,no,True,0
662,0,1,male,0.8627450980392157,0,0,0.4168757494395495,S,First,man,True,Southampton,no,True,0
663,0,3,male,0.6470588235294118,0,0,0.12212280381627649,S,Third,man,True,Southampton,no,True,0
664,1,3,male,0.33333333333333337,1,0,0.12911540065690005,S,Third,man,True,Southampton,yes,False,1
667,0,3,male,0.5235121107266436,0,0,0.12667157603878837,S,Third,man,True,Southampton,no,True,0
668,0,3,male,0.7843137254901962,0,0,0.13115192117199312,S,Third,man,True,Southampton,no,True,0
669,1,1,female,0.5235121107266436,1,0,0.8471925342787134,S,First,woman,False,Southampton,yes,False,1
670,1,2,female,0.7254901960784315,1,1,0.6353944007090351,S,Second,woman,False,Southampton,yes,False,2
671,0,1,male,0.5490196078431373,1,0,0.8471925342787134,S,First,man,True,Southampton,no,False,1
673,1,2,male,0.5490196078431373,0,0,0.2117981335696783,S,Second,man,True,Southampton,yes,True,0
675,0,3,male,0.2941176470588236,0,0,0.12667157603878837,S,Third,man,True,Southampton,no,True,0
676,0,3,male,0.42156862745098045,0,0,0.13115192117199312,S,Third,man,True,Southampton,no,True,0
677,1,3,female,0.2941176470588236,0,0,0.16034259162713102,S,Third,woman,False,Southampton,yes,True,0
678,0,3,female,0.7843137254901962,1,6,0.7641024972629165,S,Third,woman,False,Southampton,no,False,7
680,0,3,female,0.5235121107266436,0,0,0.13257748553255824,Q,Third,woman,False,Queenstown,no,True,0
682,0,3,male,0.33333333333333337,0,0,0.1502952140138679,S,Third,man,True,Southampton,no,True,0
683,0,3,male,0.21568627450980393,5,2,0.7641024972629165,S,Third,child,False,Southampton,no,False,7
685,0,2,male,0.43137254901960786,1,2,0.6774151504092593,C,Second,man,True,Cherbourg,no,False,3
686,0,3,male,0.21568627450980393,4,1,0.6465952635420469,S,Third,child,False,Southampton,no,False,5
687,0,3,male,0.3137254901960784,0,0,0.16570434283926802,S,Third,man,True,Southampton,no,True,0
688,0,3,male,0.2941176470588236,0,0,0.12701045305249986,S,Third,man,True,Southampton,no,True,0
690,1,1,male,0.5490196078431373,1,0,0.9286533548824358,S,First,man,True,Southampton,yes,False,1
691,1,3,female,0.019607843137254832,0,1,0.21858707835879257,C,Third,child,False,Cherbourg,yes,False,1
693,0,3,male,0.43137254901960786,0,0,0.1177108857723789,C,Third,man,True,Cherbourg,no,True,0
695,0,2,male,0.9607843137254903,0,0,0.21994421563005057,S,Second,man,True,Southampton,no,True,0
697,1,3,female,0.5235121107266436,0,0,0.12599219279495333,Q,Third,woman,False,Queenstown,yes,True,0
699,0,3,male,0.7647058823529412,0,0,0.12463505552369533,S,Third,man,True,Southampton,no,True,0
701,1,1,male,0.6274509803921569,0,0,0.42828026432407074,S,First,man,True,Southampton,yes,True,0
702,0,3,female,0.2941176470588236,0,1,0.23549019863406495,C,Third,woman,False,Cherbourg,no,False,1
703,0,3,male,0.43137254901960786,0,0,0.12612904697356758,Q,Third,man,True,Queenstown,no,True,0
704,0,3,male,0.4509803921568628,1,0,0.1279619154371513,S,Third,man,True,Southampton,no,False,1
705,0,2,male,0.7058823529411765,0,0,0.42359626713935666,S,Second,man,True,Southampton,no,True,0
706,1,2,female,0.823529411764706,0,0,0.21994421563005057,S,Second,woman,False,Southampton,yes,True,0
707,1,1,male,0.7647058823529412,0,0,0.42828026432407074,S,First,man,True,Southampton,yes,True,0
710,1,1,female,0.411764705882353,0,0,0.8065305510661593,C,First,woman,False,Cherbourg,yes,True,0
711,0,1,male,0.5235121107266436,0,0,0.43255695740576616,S,First,man,True,Southampton,no,True,0
712,1,1,male,0.8823529411764707,1,0,0.8471925342787134,S,First,man,True,Southampton,yes,False,1
713,0,3,male,0.5098039215686275,0,0,0.15450348000625616,S,Third,man,True,Southampton,no,True,0
714,0,2,male,0.9607843137254903,0,0,0.2117981335696783,S,Second,man,True,Southampton,no,True,0
715,0,3,male,0.3137254901960784,0,0,0.12463505552369533,S,Third,man,True,Southampton,no,True,0
717,1,2,female,0.4705882352941177,0,0,0.1710677232678171,S,Second,woman,False,Southampton,yes,True,0
718,0,3,male,0.5235121107266436,0,0,0.25252854387153956,Q,Third,man,True,Queenstown,no,True,0
719,0,3,male,0.5882352941176471,0,0,0.12667157603878837,S,Third,man,True,Southampton,no,True,0
720,1,2,female,0.05882352941176472,0,1,0.5376414159845682,S,Second,child,False,Southampton,yes,False,1
721,0,3,male,0.27450980392156865,1,0,0.11492818414055575,S,Third,man,True,Southampton,no,False,1
722,0,2,male,0.607843137254902,0,0,0.2117981335696783,S,Second,man,True,Southampton,no,True,0
723,0,2,male,0.9215686274509804,0,0,0.2117981335696783,S,Second,man,True,Southampton,no,True,0
724,1,1,male,0.4705882352941177,1,0,0.8651139148115323,S,First,man,True,Southampton,yes,False,1
725,0,3,male,0.33333333333333337,0,0,0.14113087169594912,S,Third,man,True,Southampton,no,True,0
726,1,2,female,0.5294117647058824,3,0,0.3421354465356342,S,Second,woman,False,Southampton,yes,False,3
727,1,3,female,0.5235121107266436,0,0,0.12606061988426046,Q,Third,woman,False,Queenstown,yes,True,0
728,0,2,male,0.43137254901960786,1,0,0.42359626713935666,S,Second,man,True,Southampton,no,False,1
729,0,3,female,0.43137254901960786,1,0,0.12911540065690005,S,Third,woman,False,Southampton,no,False,1
731,0,3,male,0.1568627450980392,0,0,0.3060890334184871,C,Third,child,False,Cherbourg,no,True,0
735,0,3,male,0.5,0,0,0.26230384234398624,S,Third,man,True,Southampton,no,True,0
736,0,3,female,0.8823529411764707,1,3,0.5600431416505918,S,Third,woman,False,Southampton,no,False,4
740,1,1,male,0.5235121107266436,0,0,0.4887649236223346,S,First,man,True,Southampton,yes,True,0
743,0,3,male,0.411764705882353,1,0,0.26230384234398624,S,Third,man,True,Southampton,no,False,1
744,1,3,male,0.5490196078431373,0,0,0.12911540065690005,S,Third,man,True,Southampton,yes,True,0
746,0,3,male,0.2549019607843137,1,1,0.3299163234450759,S,Third,man,True,Southampton,no,False,2
747,1,2,female,0.5294117647058824,0,0,0.2117981335696783,S,Second,woman,False,Southampton,yes,True,0
748,0,1,male,0.3137254901960784,1,0,0.8651139148115323,S,First,man,True,Southampton,no,False,1
749,0,3,male,0.5490196078431373,0,0,0.12626427193576978,Q,Third,man,True,Queenstown,no,True,0
750,1,2,female,0.019607843137254832,1,1,0.3747197747771232,S,Second,child,False,Southampton,yes,False,2
751,1,3,male,0.05882352941176472,0,1,0.20324474740628745,S,Third,child,False,Southampton,yes,False,1
752,0,3,male,0.5882352941176471,0,0,0.1547755591470726,S,Third,man,True,Southampton,no,True,0
753,0,3,male,0.3921568627450981,0,0,0.1286396694645743,S,Third,man,True,Southampton,no,True,0
756,0,3,male,0.4901960784313726,0,0,0.12701045305249986,S,Third,man,True,Southampton,no,True,0
761,0,3,male,0.7450980392156863,0,0,0.11608166936030445,S,Third,man,True,Southampton,no,True,0
762,1,3,male,0.33333333333333337,0,0,0.11777931286168603,C,Third,man,True,Cherbourg,yes,True,0
764,0,3,male,0.2549019607843137,0,0,0.12667157603878837,S,Third,man,True,Southampton,no,True,0
766,0,1,male,0.5235121107266436,0,0,0.6451696991814817,C,First,man,True,Cherbourg,no,True,0
767,0,3,female,0.5392156862745099,0,0,0.12626427193576978,Q,Third,woman,False,Queenstown,no,True,0
768,0,3,male,0.5235121107266436,1,0,0.39345576351597933,Q,Third,man,True,Queenstown,no,False,1
769,0,3,male,0.5686274509803922,0,0,0.13624322245972578,S,Third,man,True,Southampton,no,True,0
770,0,3,male,0.411764705882353,0,0,0.1547755591470726,S,Third,man,True,Southampton,no,True,0
771,0,3,male,0.8823529411764707,0,0,0.1279619154371513,S,Third,man,True,Southampton,no,True,0
774,1,2,female,1.0,1,3,0.3747197747771232,S,Second,woman,False,Southampton,yes,False,4
775,0,3,male,0.2941176470588236,0,0,0.12626427193576978,S,Third,man,True,Southampton,no,True,0
777,1,3,female,0.03921568627450983,0,0,0.20324474740628745,S,Third,child,False,Southampton,yes,True,0
778,0,3,male,0.5235121107266436,0,0,0.12606061988426046,Q,Third,man,True,Queenstown,no,True,0
780,1,3,female,0.19607843137254904,0,0,0.11777931286168603,C,Third,child,False,Cherbourg,yes,True,0
781,1,1,female,0.27450980392156865,1,0,0.9286533548824358,S,First,woman,False,Southampton,yes,False,1
782,0,1,male,0.5098039215686275,0,0,0.4887649236223346,S,First,man,True,Southampton,no,True,0
783,0,3,male,0.5235121107266436,1,2,0.38205124863145823,S,Third,man,True,Southampton,no,False,3
784,0,3,male,0.43137254901960786,0,0,0.11485975705124862,S,Third,man,True,Southampton,no,True,0
785,0,3,male,0.43137254901960786,0,0,0.11811818987539752,S,Third,man,True,Southampton,no,True,0
786,1,3,female,0.2941176470588236,0,0,0.12212280381627649,S,Third,woman,False,Southampton,yes,True,0
787,0,3,male,0.0980392156862745,4,1,0.47450928001668324,Q,Third,child,False,Queenstown,no,False,5
791,0,2,male,0.2549019607843137,0,0,0.42359626713935666,S,Second,man,True,Southampton,no,True,0
793,0,1,male,0.5235121107266436,0,0,0.5001010114175486,C,First,man,True,Cherbourg,no,True,0
794,0,3,male,0.43137254901960786,0,0,0.1286396694645743,S,Third,man,True,Southampton,no,True,0
795,0,2,male,0.7058823529411765,0,0,0.2117981335696783,S,Second,man,True,Southampton,no,True,0
796,1,1,female,0.9019607843137256,0,0,0.422442781919608,S,First,woman,False,Southampton,yes,True,0
797,1,3,female,0.5490196078431373,0,0,0.1414697487096606,S,Third,woman,False,Southampton,yes,True,0
798,0,3,male,0.5294117647058824,0,0,0.11777931286168603,C,Third,man,True,Cherbourg,no,True,0
799,0,3,female,0.5294117647058824,1,1,0.39345576351597933,S,Third,woman,False,Southampton,no,False,2
801,1,2,female,0.5490196078431373,1,1,0.4276693081695428,S,Second,woman,False,Southampton,yes,False,2
804,1,3,male,0.4705882352941177,0,0,0.1136378447421928,S,Third,man,True,Southampton,yes,True,0
805,0,3,male,0.5490196078431373,0,0,0.12667157603878837,S,Third,man,True,Southampton,no,True,0
806,0,1,male,0.7058823529411765,0,0,0.0,S,First,man,True,Southampton,no,True,0
807,0,3,female,0.2941176470588236,0,0,0.12667157603878837,S,Third,woman,False,Southampton,no,True,0
809,1,1,female,0.5882352941176471,1,0,0.8651139148115323,S,First,woman,False,Southampton,yes,False,1
810,0,3,male,0.4509803921568628,0,0,0.1285044445023721,S,Third,man,True,Southampton,no,True,0
811,0,3,male,0.7058823529411765,0,0,0.39345576351597933,S,Third,man,True,Southampton,no,True,0
812,0,2,male,0.6274509803921569,0,0,0.1710677232678171,S,Second,man,True,Southampton,no,True,0
813,0,3,female,0.05882352941176472,4,2,0.5095374328762838,S,Third,child,False,Southampton,no,False,6
814,0,3,male,0.5392156862745099,0,0,0.13115192117199312,S,Third,man,True,Southampton,no,True,0
816,0,3,female,0.3921568627450981,0,0,0.12911540065690005,S,Third,woman,False,Southampton,no,True,0
817,0,2,male,0.5490196078431373,1,1,0.6028784995568531,C,Second,man,True,Cherbourg,no,False,2
818,0,3,male,0.7843137254901962,0,0,0.10508445857880191,S,Third,man,True,Southampton,no,True,0
819,0,3,male,0.13725490196078433,3,2,0.4545513789687712,S,Third,child,False,Southampton,no,False,5
821,1,3,male,0.4705882352941177,0,0,0.14113087169594912,S,Third,man,True,Southampton,yes,True,0
822,0,1,male,0.6862745098039216,0,0,0.0,S,First,man,True,Southampton,no,True,0
823,1,3,female,0.4705882352941177,0,1,0.20324474740628745,S,Third,woman,False,Southampton,yes,False,1
825,0,3,male,0.5235121107266436,0,0,0.11323054063917415,Q,Third,man,True,Queenstown,no,True,0
826,0,3,male,0.5235121107266436,0,0,0.9204388457327566,S,Third,man,True,Southampton,no,True,0
828,1,3,male,0.5235121107266436,0,0,0.12626427193576978,Q,Third,man,True,Queenstown,yes,True,0
830,1,3,female,0.23529411764705882,1,0,0.23549019863406495,C,Third,child,False,Cherbourg,yes,False,1
833,0,3,male,0.3921568627450981,0,0,0.1279619154371513,S,Third,man,True,Southampton,no,True,0
834,0,3,male,0.2941176470588236,0,0,0.13522496220217922,S,Third,man,True,Southampton,no,True,0
836,0,3,male,0.35294117647058826,0,0,0.14113087169594912,S,Third,man,True,Southampton,no,True,0
839,1,1,male,0.5235121107266436,0,0,0.4838772743861113,C,First,man,True,Cherbourg,yes,True,0
840,0,3,male,0.33333333333333337,0,0,0.12911540065690005,S,Third,man,True,Southampton,no,True,0
841,0,2,male,0.2549019607843137,0,0,0.1710677232678171,S,Second,man,True,Southampton,no,True,0
842,1,1,female,0.5294117647058824,0,0,0.5050570877430791,C,First,woman,False,Cherbourg,yes,True,0
843,0,3,male,0.6176470588235294,0,0,0.10488080652729262,C,Third,man,True,Cherbourg,no,True,0
845,0,3,male,0.7647058823529412,0,0,0.12300583911162088,S,Third,man,True,Southampton,no,True,0
847,0,3,male,0.6274509803921569,0,0,0.1286396694645743,C,Third,man,True,Cherbourg,no,True,0
848,0,2,male,0.4901960784313726,0,1,0.5376414159845682,S,Second,man,True,Southampton,no,False,1
850,0,3,male,0.019607843137254832,4,2,0.5095374328762838,S,Third,child,False,Southampton,no,False,6
852,0,3,female,0.11764705882352938,1,1,0.24838707575204627,C,Third,child,False,Cherbourg,no,False,2
853,1,1,female,0.2549019607843137,0,1,0.6419112663573328,S,First,woman,False,Southampton,yes,False,1
854,0,2,female,0.803921568627451,1,0,0.42359626713935666,S,Second,woman,False,Southampton,no,False,1
855,1,3,female,0.2941176470588236,0,1,0.15233173452896093,S,Third,woman,False,Southampton,yes,False,1
857,1,1,male,0.9411764705882354,0,0,0.43255695740576616,S,First,man,True,Southampton,yes,True,0
858,1,3,female,0.411764705882353,0,3,0.31375938428653355,C,Third,woman,False,Cherbourg,yes,False,3
860,0,3,male,0.7450980392156863,2,0,0.22985473906469944,S,Third,man,True,Southampton,no,False,2
861,0,2,male,0.35294117647058826,1,0,0.1873598873885616,S,Second,man,True,Southampton,no,False,1
862,1,1,female,0.8823529411764707,0,0,0.422442781919608,S,First,woman,False,Southampton,yes,True,0
864,0,2,male,0.411764705882353,0,0,0.2117981335696783,S,Second,man,True,Southampton,no,True,0
865,1,2,female,0.7647058823529412,0,0,0.2117981335696783,S,Second,woman,False,Southampton,yes,True,0
866,1,2,female,0.4705882352941177,1,0,0.2257816980345133,C,Second,woman,False,Cherbourg,yes,False,1
867,0,1,male,0.5490196078431373,0,0,0.8226858610082897,S,First,man,True,Southampton,no,True,0
868,0,3,male,0.5235121107266436,0,0,0.1547755591470726,S,Third,man,True,Southampton,no,True,0
869,1,3,male,0.019607843137254832,1,1,0.1813855508054846,S,Third,child,False,Southampton,yes,False,2
871,1,1,female,0.8627450980392157,1,1,0.8562216516344299,S,First,woman,False,Southampton,yes,False,2
872,0,1,male,0.5882352941176471,0,0,0.08146082060372242,S,First,man,True,Southampton,no,True,0
873,0,3,male,0.8627450980392157,0,0,0.14662947708670038,S,Third,man,True,Southampton,no,True,0
874,1,2,female,0.4901960784313726,1,0,0.3910119388978677,C,Second,woman,False,Cherbourg,yes,False,1
875,1,3,female,0.23529411764705882,0,0,0.1177108857723789,C,Third,child,False,Cherbourg,yes,True,0
876,0,3,male,0.33333333333333337,0,0,0.1604093895000261,S,Third,man,True,Southampton,no,True,0
880,1,2,female,0.43137254901960786,0,1,0.42359626713935666,S,Second,woman,False,Southampton,yes,False,1
881,0,3,male,0.5882352941176471,0,0,0.1286396694645743,S,Third,man,True,Southampton,no,True,0
882,0,3,female,0.37254901960784315,0,0,0.17133980240863356,S,Third,woman,False,Southampton,no,True,0
883,0,2,male,0.4901960784313726,0,0,0.1710677232678171,S,Second,man,True,Southampton,no,True,0
885,0,3,female,0.7058823529411765,0,5,0.47450928001668324,Q,Third,woman,False,Queenstown,no,False,5
887,1,1,female,0.3137254901960784,0,0,0.4887649236223346,S,First,woman,False,Southampton,yes,True,0
888,0,3,female,0.5235121107266436,1,2,0.38205124863145823,S,Third,woman,False,Southampton,no,False,3
889,1,1,male,0.4509803921568628,0,0,0.4887649236223346,C,First,man,True,Cherbourg,yes,True,0
890,0,3,male,0.5686274509803922,0,0,0.12626427193576978,Q,Third,man,True,Queenstown,no,True,0
